bedrijf,plaats,telefoon,email,probleem,aanbod,url
"Dreumel","'s-Gravenhage","0703864484","info@dreumel.nl","Mogelijk open beveiligingslek (VakScan)","Website Veilig €299 — urgent","https://www.dreumel.nl"
"Firma Fred van Rijn","'s-Gravenhage","0703211400","info@firmavanrijn.nl","Mogelijk open beveiligingslek (VakScan)","Website Veilig €299 — urgent","https://firmavanrijn.nl"
"SA Elektro Experts","'s-Gravenhage","0707503681","info@saelektroexperts.nl","Mogelijk open beveiligingslek (VakScan)","Website Veilig €299 — urgent","https://saelektroexperts.nl"
"Suntec zonwering","'s-Gravenhage","0715802342","info@suntec-zonwering.nl","Mogelijk open beveiligingslek (VakScan)","Website Veilig €299 — urgent","https://www.suntec-zonwering.nl"
"Amer Houttechniek","Amersfoort","","info@amer-hout.nl","Mogelijk open beveiligingslek (VakScan)","Website Veilig €299 — urgent","https://www.amer-hout.nl"
"Ambiance Heko-Becewe","Amsterdam","0647333211","","Mogelijk open beveiligingslek (VakScan)","Website Veilig €299 — urgent","https://www.ambiance-zonwering.nl/heko-becewe"
"Ambiance zonwering","De Bilt","0647333211","","Mogelijk open beveiligingslek (VakScan)","Website Veilig €299 — urgent","https://www.ambiance-zonwering.nl/van-der-wal-de-bilt"
"Kroon interieurbouw","De Meern","0950635027","","Mogelijk open beveiligingslek (VakScan)","Website Veilig €299 — urgent","https://www.kroon-interieurbouw.nl"
"Textilia","Dordrecht","0639112809","info@textilia-dordrecht.nl","Mogelijk open beveiligingslek (VakScan)","Website Veilig €299 — urgent","https://www.textilia-dordrecht.nl"
"Decor Gordijn","Leiden","0950635027","","Mogelijk open beveiligingslek (VakScan)","Website Veilig €299 — urgent","https://www.decorgordijn.nl"
"Bos Elektrotechniek","Maasdijk","0520585539","info@boselektrotechniek.nl","Mogelijk open beveiligingslek (VakScan)","Website Veilig €299 — urgent","https://www.boselektrotechniek.nl"
"van der Meer Elektrotechniek BV","Maasland","0631514170","info@ejvandermeer.nl","Mogelijk open beveiligingslek (VakScan)","Website Veilig €299 — urgent","https://www.ejvandermeer.nl"
"Rioolservice P. van Adrichem","Moordrecht","0653373931","info@rioolservice-pvanadrichem.nl","Mogelijk open beveiligingslek (VakScan)","Website Veilig €299 — urgent","https://rioolservice-pvanadrichem.nl"
"Decorette","Nieuw-Vennep","","geri@doubleweb.nl","Mogelijk open beveiligingslek (VakScan)","Website Veilig €299 — urgent","https://decorette.nl/winkels/nieuw-vennep"
"ChargeCars","Nijkerk","","info@chargecars.nl","Mogelijk open beveiligingslek (VakScan)","Website Veilig €299 — urgent","https://chargecars.nl"
"Loodgieterskwartier","Rijswijk","0852125588","info@loodgieterskwartier.nl","Mogelijk open beveiligingslek (VakScan)","Website Veilig €299 — urgent","https://loodgieterskwartier.nl"
"Reinaerde Remake Meubel","Utrecht","0623369577","klantadvies@reinaerde.nl","Mogelijk open beveiligingslek (VakScan)","Website Veilig €299 — urgent","https://www.reinaerde.nl/zorg/remakemeubel"
"De Pagter","Voorburg","0950635027","","Mogelijk open beveiligingslek (VakScan)","Website Veilig €299 — urgent","https://depagter.info"
"Ambiance Zonwering","Woerden","0647333211","","Mogelijk open beveiligingslek (VakScan)","Website Veilig €299 — urgent","https://www.ambiance-zonwering.nl/broere-woerden"
"H. Willemse Elektrotechniek B.V.","Zandvoort","0235739278","info@willemseelektrotechniek.nl","Mogelijk open beveiligingslek (VakScan)","Website Veilig €299 — urgent","https://www.willemseelektrotechniek.nl"
"Pruis Schilderwerken","Amersfoort","0950635027","","Mogelijk open beveiligingslek (VakScan)","Website Veilig €299 — urgent","https://pruisschilderwerken.nl"
"Mks schilderwerken","Houten","0950635027","","Mogelijk open beveiligingslek (VakScan)","Website Veilig €299 — urgent","https://mksschilderwerken.nl"
"Verzijl De Woonprofessionals","Nieuw-Lekkerland","0950635027","","Mogelijk open beveiligingslek (VakScan)","Website Veilig €299 — urgent","https://verzijlbv.nl"
"Finish Profiles","Purmerend","0950635027","","Mogelijk open beveiligingslek (VakScan)","Website Veilig €299 — urgent","https://www.finish-profiles.nl"
"Timmerbedrijf Simon Frank & Zn.","Amersfoort","","websites@klaver.org","Geen goede beveiligde verbinding (HTTPS)","Website Veilig €299 — urgent","http://timmerbedrijf-frank.nl"
"Rinus van Stein","Haarlem","","info@rinusvanstein.nl","Geen goede beveiligde verbinding (HTTPS)","Website Veilig €299 — urgent","http://www.rinusvanstein.nl"
"Atelier Zuidinga","Purmerend","0950635027","","Geen goede beveiligde verbinding (HTTPS)","Website Veilig €299 — urgent","http://atelierzuidinga.nl"
"De Bovenkamer","Utrecht","0302072769","info@bovenkamerutrecht.nl","Geen goede beveiligde verbinding (HTTPS)","Website Veilig €299 — urgent","http://bovenkamerutrecht.nl"
"Leidekkersbedrijf van Eijk","Voorburg","0950635027","","Geen goede beveiligde verbinding (HTTPS)","Website Veilig €299 — urgent","http://ericvaneijk.nl"
"Van Beek Schilders","Den Hoorn","0950635027","","Geen goede beveiligde verbinding (HTTPS)","Website Veilig €299","http://vanbeek-schilders.nl"
"A. Buitelaar Zonwering","'s-Gravenhage","0536685999","buitelaarzonwering@casema.nl","Oude site — moderniseren of Google","Vakman Site €899","https://www.buitelaarzonwering.nl"
"Atelier-AW","'s-Gravenhage","0618732101","aw@atelieraw.nl","Oude site — moderniseren of Google","Vakman Site €899","https://www.atelieraw.nl"
"L-Groep totaalonderhoud","'s-Gravenhage","0950635027","","Oude site — moderniseren of Google","Vakman Site €899","https://www.l-groep.nl"
"Bectro","Amersfoort","","info@bectro.nl","Oude site — moderniseren of Google","Vakman Site €899","https://www.bectro.nl"
"Delektro","Amersfoort","0827190372","info@delektro.nl","Oude site — moderniseren of Google","Vakman Site €899","https://www.delektro.nl"
"Designbekleding","Amersfoort","0950635027","","Oude site — moderniseren of Google","Vakman Site €899","https://designbekleding.nl"
"Elitair Klimaattechniek","Amersfoort","0950635027","","Oude site — moderniseren of Google","Vakman Site €899","https://elitairklimaat.nl"
"Houtindustrie Amersfoort","Amersfoort","0334612241","info@houtindustrie-amersfoort.nl","Oude site — moderniseren of Google","Vakman Site €899","https://houtindustrie-amersfoort.nl"
"i-Kozijn","Amersfoort","0332850793","info@i-kozijn.nl","Oude site — moderniseren of Google","Vakman Site €899","https://www.i-kozijn.nl"
"MIRvA","Amersfoort","0332587699","info@mirva.nl","Oude site — moderniseren of Google","Vakman Site €899","https://mirva.nl"
"Amstelland Kozijnen","Amstelveen","0206405166","info@amstellandkozijnen.nl","Oude site — moderniseren of Google","Vakman Site €899","https://www.amstellandkozijnen.nl"
"Lambertus van den Broek","Amstelveen","0950635027","","Oude site — moderniseren of Google","Vakman Site €899","https://www.lambertusvandenbroek.nl"
"Schipper Kozijnen","Amstelveen","0857921200","klantenservice@schipperkozijnen.nl","Oude site — moderniseren of Google","Vakman Site €899","https://www.schipperkozijnen.nl/showrooms/amstelveen"
"Bruens Electrotechniek","Amsterdam","0206326824","info@bruens-electrotechniek.nl","Oude site — moderniseren of Google","Vakman Site €899","https://www.bruens-electrotechniek.nl"
"Evimvloeren","Amsterdam","0950635027","","Oude site — moderniseren of Google","Vakman Site €899","https://www.evimvloeren.nl"
"Kilim Tapijt & Vinyl","Amsterdam","0950635027","","Oude site — moderniseren of Google","Vakman Site €899","https://www.kilim-tapijt-vinyl.nl"
"Klimaatservice Noordholland","Amsterdam","0950635027","","Oude site — moderniseren of Google","Vakman Site €899","https://klimaatservicenoordholland.nl"
"Knook Deuren en Kozijnen","Amsterdam","0628263742","info@knookmetaal.nl","Oude site — moderniseren of Google","Vakman Site €899","https://www.knookmetaal.nl/producten/knook-deuren-en-kozijnen"
"Protectsun","Amsterdam","0950635027","","Oude site — moderniseren of Google","Vakman Site €899","https://www.protectsun.nl"
"Brandsen Installatietechniek","Barneveld","0950635027","","Oude site — moderniseren of Google","Vakman Site €899","https://brandsen-installatietechniek.nl"
"Enery Shift","Barneveld","0342221300","","Oude site — moderniseren of Google","Vakman Site €899","https://www.energyshift.nl"
"Zon en Scherm Berkel en Rodenrijs","Berkel en Rodenrijs","0588235294","","Oude site — moderniseren of Google","Vakman Site €899","https://www.zonenscherm.nl/site/zon-en-scherm-berkel-en-rodenrijs"
"Van den Hoogen engineering","Bunschoten-Spakenburg","0332055000","info@vandenhoogen.nl","Oude site — moderniseren of Google","Vakman Site €899","https://www.vandenhoogen.nl"
"Eradus Zonwering","Delft","0152135028","","Oude site — moderniseren of Google","Vakman Site €899","https://www.eraduszonwering.nl"
"Groenewegen","Delft","0152612150","info@groenewegendelft.nl","Oude site — moderniseren of Google","Vakman Site €899","https://www.groenewegendelft.nl"
"De Lamellengigant","Den Haag","0703631123","info@delamellengigant.nl","Oude site — moderniseren of Google","Vakman Site €899","https://www.delamellengigant.nl"
"Woningtextielhuis","Den Haag","","OG-C@H.webp","Oude site — moderniseren of Google","Vakman Site €899","https://www.woningtextielhuis.nl"
"Joost Wonen","Den Hoorn","0157676001","","Oude site — moderniseren of Google","Vakman Site €899","https://joostwonen.nl"
"Van Leeuwen Elektrotechniek","Den Hoorn","0950635027","","Oude site — moderniseren of Google","Vakman Site €899","https://www.vanleeuwenelektrotechniek.nl"
"Kiwatt","Ede","","info@kiwatt.nl","Oude site — moderniseren of Google","Vakman Site €899","https://www.kiwatt.nl"
"Schipper Kozijnen","Gouda","0857921200","klantenservice@schipperkozijnen.nl","Oude site — moderniseren of Google","Vakman Site €899","https://www.schipperkozijnen.nl/showrooms/gouda"
"Marcel Vittali","Haarlem","0850004143","","Oude site — moderniseren of Google","Vakman Site €899","https://www.marcelvittali.nl"
"Mesut Timmerfabriek","Haarlem","","info@mesuttimmerfabriek.nl","Oude site — moderniseren of Google","Vakman Site €899","https://www.mesuttimmerfabriek.nl"
"Woonbasis","Haarlem","0950635027","","Oude site — moderniseren of Google","Vakman Site €899","https://www.woonbasis.nl"
"Efzon Doseer- en Installatietechniek","Heinenoord","0186604565","","Oude site — moderniseren of Google","Vakman Site €899","https://www.efzon.com"
"Quadraat Bouw","Hilversum","0950635027","","Oude site — moderniseren of Google","Vakman Site €899","https://www.quadraatbouw.nl"
"Randstad Zonweringen","Hoofddorp","0950635027","","Oude site — moderniseren of Google","Vakman Site €899","https://www.randstadzonweringen.nl"
"STB","Houten","0487776258","info@stb.eu","Oude site — moderniseren of Google","Vakman Site €899","https://stb.eu"
"Van Baaren Installatietechniek","Houten","0950635027","","Oude site — moderniseren of Google","Vakman Site €899","https://evanbaareninstallatietechniek.nl"
"Terberg Totaal Installaties","IJsselstein","0306860711","","Oude site — moderniseren of Google","Vakman Site €899","https://terberg.eu"
"Ventana Zonwering","IJsselstein","0306006560","info@ventana.nl","Oude site — moderniseren of Google","Vakman Site €899","https://ventanazonwering.nl"
"Schipper Kozijnen","Katwijk","0857921200","klantenservice@schipperkozijnen.nl","Oude site — moderniseren of Google","Vakman Site €899","https://www.schipperkozijnen.nl/showrooms/Katwijk"
"De Schrijn","Langbroek","0343562829","info@deschrijn.nl","Oude site — moderniseren of Google","Vakman Site €899","https://deschrijn.nl"
"Timmerfabriek Verhagen","Leidschendam","0846899000","info@timmerfabriekverhagen.nl","Oude site — moderniseren of Google","Vakman Site €899","https://www.timmerfabriekverhagen.nl"
"Woordes Bouw- & Timmerwerken","Leusden","","info@woordesbouw.nl","Oude site — moderniseren of Google","Vakman Site €899","https://www.woordesbouw.nl"
"Zandschulp Zonwering","Leusden","0950635027","","Oude site — moderniseren of Google","Vakman Site €899","https://zandschulpzonwering.nl/showrooms/zonwering-leusden"
"ZENS Maatwerk","Loosdrecht","","info@zensmaatwerk.nl","Oude site — moderniseren of Google","Vakman Site €899","https://zensmaatwerk.nl"
"Voorberg zonwering","Maassluis","0950635027","","Oude site — moderniseren of Google","Vakman Site €899","https://www.voorbergzonwering.nl"
"Rojas Zonwering & Interieur","Nieuw-Vennep","","OG-C@H.webp","Oude site — moderniseren of Google","Vakman Site €899","https://www.rojas-colorsathome.nl"
"CoolAir Nederland","Purmerend","0299405296","info@coolairnederland.nl","Oude site — moderniseren of Google","Vakman Site €899","https://www.coolairnederland.nl"
"Koel-My","Purmerend","","info@koelmy.nl","Oude site — moderniseren of Google","Vakman Site €899","https://koelmy.nl"
"Mazurel Installatietechniek","Purmerend","0299421024","office@mazurel.com","Oude site — moderniseren of Google","Vakman Site €899","https://www.mazurel.nl"
"Ramenfabriek op 't Hoog","Purmerend","","ramenfabriek@opthoog.nl","Oude site — moderniseren of Google","Vakman Site €899","https://www.opthoog.nl/contact/vestigingen/purmerend"
"Decosier","Ridderkerk","0180462371","info@decosier.nl","Oude site — moderniseren of Google","Vakman Site €899","https://www.decosier.nl"
"De Gier","Rotterdam","0104141404","info@degierwonen.nl","Oude site — moderniseren of Google","Vakman Site €899","https://degierwonen.nl"
"Harmony Gordijnen","Rotterdam","","info@harmonygordijnen.nl","Oude site — moderniseren of Google","Vakman Site €899","https://harmonygordijnen.nl"
"Lohmann","Rotterdam","0104667555","","Oude site — moderniseren of Google","Vakman Site €899","https://lohmannbv.nl"
"Tulay","Rotterdam","0102420088","info@tulay.nl","Oude site — moderniseren of Google","Vakman Site €899","https://tulay.nl"
"Luxury Home","Spijkenisse","0623754166","","Oude site — moderniseren of Google","Vakman Site €899","https://luxuryhomeraamdecoratie.nl"
"Merwede tapijten","Spijkenisse","","OG-C@H.webp","Oude site — moderniseren of Google","Vakman Site €899","https://www.merwede-tapijten.nl"
"Ambachtelijke Naaiwinkel","Utrecht","0980392156","","Oude site — moderniseren of Google","Vakman Site €899","https://amnaaiwinkel.nl"
"Arena Gordijnenland","Utrecht","0984774797","arenagordijnenland@live.nl","Oude site — moderniseren of Google","Vakman Site €899","https://arenagordijnenland.nl"
"De Kroon Zonwering","Utrecht","0302440149","contact@dekroonzonwering.nl","Oude site — moderniseren of Google","Vakman Site €899","https://www.dekroonzonwering.nl"
"Loodgietersbedrijf Utrecht","Utrecht","0673562002","info@loodgietersbedrijfutrecht.nl","Oude site — moderniseren of Google","Vakman Site €899","https://loodgietersbedrijfutrecht.nl"
"Louvenda Home","Utrecht","","eproductions_zakelijk@hotmail.com","Oude site — moderniseren of Google","Vakman Site €899","https://louvendahome.nl"
"Sima Installatietechniek","Voorburg","0703873355","info@simainstallatie.nl","Oude site — moderniseren of Google","Vakman Site €899","https://simainstallatie.nl"
"Koek & Reinders","'s-Gravenhage","0950635027","","Oude site — moderniseren of Google","Google Start €299","https://koekenreinders.nl"
"Achterberg Schilders & Onderhoud","Amersfoort","","info@achterbergschilders.nl","Oude site — moderniseren of Google","Google Start €299","https://www.achterbergschilders.nl"
"H.J. Slierings","Haarlem","0654731469","","Oude site — moderniseren of Google","Google Start €299","https://www.hjslierings.nl"
"BOS Groep Techniek","Houten","","BOS-icon-ecosysteem@3x.png","Oude site — moderniseren of Google","Google Start €299","https://www.bosgroep.com"
"J. Kuijper schildersbedrijf en onderhoudsbedrijf","Leidschendam","0708873112","info@jkuijper.nl","Oude site — moderniseren of Google","Google Start €299","https://www.jkuijper.nl"
"RvW Schilderwerken","Leimuiden","0610267375","info@rvwschilderwerken.nl","Oude site — moderniseren of Google","Google Start €299","https://rvwschilderwerken.nl"
"C&M Schilders","Noordwijk","","christiaan@cm-schilders.com","Oude site — moderniseren of Google","Google Start €299","https://cm-schilders.com"
"Van der Nat Glas- en Schilderwerken","Noordwijk","0950635027","","Oude site — moderniseren of Google","Google Start €299","https://vdnat.nl"
"Schildersbedrijf K. de Graaf","Purmerend","0299841337","info@kevindegraaf.nl","Oude site — moderniseren of Google","Google Start €299","https://kevindegraaf.nl"
"Schildersbedrijf van der Meer","Purmerend","0651642971","info@meerschilder.nl","Oude site — moderniseren of Google","Google Start €299","https://meerschilder.nl"
"Quick Paint","Rotterdam","0104125484","info@quickpaint.nl","Oude site — moderniseren of Google","Google Start €299","https://www.quickpaint.nl"
"Van Lochem Schildersbedrijven","Rotterdam","0703814500","","Oude site — moderniseren of Google","Google Start €299","https://www.vanlochem.nl"
"Kuyt Schilders B.V. Schilderwerk","Wassenaar","0705114312","info@kuytschilders.nl","Oude site — moderniseren of Google","Google Start €299","https://www.kuytschilders.nl"
"Leen Meurs","Zoetermeer","0950635027","","Oude site — moderniseren of Google","Google Start €299","https://www.schilderleenmeurs.nl"
"Wooncentrum Ubo Kok","IJmuiden","","info@ubokok.nl","Oude site — moderniseren of Google","Vakman Site €899","https://wooncentrumubokok.nl"
"EBD Techniek","Purmerend","","info@ebd-purmerend.nl","Oude site — moderniseren of Google","Vakman Site €899","https://www.ebd-purmerend.nl"